-- create database travel
-- use travel
-- drop table travel
-- Miniature mapping table: 1 - warcaster, 2 - warjack, 3 - solo, 4 - unit, 5 - unitAttachment, 6 - warcasterAttachment, 7 - juniorWarcaster
create table miniature(miniatureId bigint not null primary key, miniatureName VARCHAR(50), miniatureType INTEGER);
insert into miniature(miniatureId, miniatureName, miniatureType) values(10, 'haley1', 1);
insert into miniature(miniatureId, miniatureName, miniatureType) values(11, 'haley2', 1);
insert into miniature(miniatureId, miniatureName, miniatureType) values(12, 'haley3', 1);
insert into miniature(miniatureId, miniatureName, miniatureType) values(13, 'stryker1', 1);
insert into miniature(miniatureId, miniatureName, miniatureType) values(14, 'stryker2', 1);
insert into miniature(miniatureId, miniatureName, miniatureType) values(15, 'stryker3', 1);
insert into miniature(miniatureId, miniatureName, miniatureType) values(16, 'nemo1', 1);
insert into miniature(miniatureId, miniatureName, miniatureType) values(17, 'nemo2', 1);
insert into miniature(miniatureId, miniatureName, miniatureType) values(18, 'nemo3', 1);
insert into miniature(miniatureId, miniatureName, miniatureType) values(19, 'caine1', 1);
insert into miniature(miniatureId, miniatureName, miniatureType) values(110, 'caine2', 1);
insert into miniature(miniatureId, miniatureName, miniatureType) values(111, 'siege', 1);
insert into miniature(miniatureId, miniatureName, miniatureType) values(112, 'maddox', 1);
insert into miniature(miniatureId, miniatureName, miniatureType) values(113, 'blaize', 1);
insert into miniature(miniatureId, miniatureName, miniatureType) values(114, 'sturgis', 1);
insert into miniature(miniatureId, miniatureName, miniatureType) values(115, 'sloan', 1);
insert into miniature(miniatureId, miniatureName, miniatureType) values(116, 'kraye', 1);
insert into miniature(miniatureId, miniatureName, miniatureType) values(117, 'jakes', 1);
insert into miniature(miniatureId, miniatureName, miniatureType) values(118, 'darius', 1);
insert into miniature(miniatureId, miniatureName, miniatureType) values(70, 'jakes', 7);
insert into miniature(miniatureId, miniatureName, miniatureType) values(71, 'junior', 7);
insert into miniature(miniatureId, miniatureName, miniatureType) values(20, 'ironclad', 2);
insert into miniature(miniatureId, miniatureName, miniatureType) values(21, 'stormclad', 2);
insert into miniature(miniatureId, miniatureName, miniatureType) values(22,'ace',2);
insert into miniature(miniatureId, miniatureName, miniatureType) values(23,'avenger',2);
insert into miniature(miniatureId, miniatureName, miniatureType) values(24,'centurion',2);
insert into miniature(miniatureId, miniatureName, miniatureType) values(25,'charger',2);
insert into miniature(miniatureId, miniatureName, miniatureType) values(26,'cyclone',2);
insert into miniature(miniatureId, miniatureName, miniatureType) values(27,'defender',2);
insert into miniature(miniatureId, miniatureName, miniatureType) values(28,'dynamo',2);
insert into miniature(miniatureId, miniatureName, miniatureType) values(29,'firefly',2);
insert into miniature(miniatureId, miniatureName, miniatureType) values(210,'gallant',2);
insert into miniature(miniatureId, miniatureName, miniatureType) values(211,'grenadier',2);
insert into miniature(miniatureId, miniatureName, miniatureType) values(212,'hammersmith',2);
insert into miniature(miniatureId, miniatureName, miniatureType) values(213,'hunter',2);
insert into miniature(miniatureId, miniatureName, miniatureType) values(214,'hurricane',2);
insert into miniature(miniatureId, miniatureName, miniatureType) values(215,'lancer',2);
insert into miniature(miniatureId, miniatureName, miniatureType) values(216,'minuteman',2);
insert into miniature(miniatureId, miniatureName, miniatureType) values(217,'olrowdy',2);
insert into miniature(miniatureId, miniatureName, miniatureType) values(218,'reliant',2);
insert into miniature(miniatureId, miniatureName, miniatureType) values(219,'stormwall',2);
insert into miniature(miniatureId, miniatureName, miniatureType) values(220,'thorn',2);
insert into miniature(miniatureId, miniatureName, miniatureType) values(221,'thunderhead',2);
insert into miniature(miniatureId, miniatureName, miniatureType) values(222,'triumph',2);

insert into miniature(miniatureId, miniatureName, miniatureType) values(30, 'arlan', 3);
insert into miniature(miniatureId, miniatureName, miniatureType) values(31, 'rifleman', 3);
insert into miniature(miniatureId, miniatureName, miniatureType) values(32, 'runewood', 3);
insert into miniature(miniatureId, miniatureName, miniatureType) values(33, 'finn', 3);
insert into miniature(miniatureId, miniatureName, miniatureType) values(34, 'gmca', 3);
insert into miniature(miniatureId, miniatureName, miniatureType) values(35, 'harlan versh', 3);
insert into miniature(miniatureId, miniatureName, miniatureType) values(36, 'gibbs', 3);
insert into miniature(miniatureId, miniatureName, miniatureType) values(37, 'laddermore', 3);
insert into miniature(miniatureId, miniatureName, miniatureType) values(38, 'stormblade captain', 3);
insert into miniature(miniatureId, miniatureName, miniatureType) values(39, 'stormcallers', 3);
insert into miniature(miniatureId, miniatureName, miniatureType) values(310, 'trench buster', 3);
insert into miniature(miniatureId, miniatureName, miniatureType) values(311, 'master gunner', 3);
insert into miniature(miniatureId, miniatureName, miniatureType) values(312, 'pendrake', 3);
insert into miniature(miniatureId, miniatureName, miniatureType) values(313, 'lanyssa', 3);
insert into miniature(miniatureId, miniatureName, miniatureType) values(314, 'ragman', 3);
insert into miniature(miniatureId, miniatureName, miniatureType) values(315, 'gobber tinker', 3);
insert into miniature(miniatureId, miniatureName, miniatureType) values(316, 'gorman', 3);
insert into miniature(miniatureId, miniatureName, miniatureType) values(317, 'rhupert', 3);
insert into miniature(miniatureId, miniatureName, miniatureType) values(318, 'eiryss1', 3);
insert into miniature(miniatureId, miniatureName, miniatureType) values(319, 'eiryss2', 3);
insert into miniature(miniatureId, miniatureName, miniatureType) values(320, 'anastasia', 3);
insert into miniature(miniatureId, miniatureName, miniatureType) values(321, 'alexia2', 3);
insert into miniature(miniatureId, miniatureName, miniatureType) values(322, 'alten ashley', 3);
insert into miniature(miniatureId, miniatureName, miniatureType) values(323, 'acosta', 3);

insert into miniature(miniatureId, miniatureName, miniatureType) values(40, 'atgm', 4);
insert into miniature(miniatureId, miniatureName, miniatureType) values(41, 'b13', 4);
insert into miniature(miniatureId, miniatureName, miniatureType) values(42, 'min mechs', 4);
insert into miniature(miniatureId, miniatureName, miniatureType) values(43, 'max mechs', 4);
insert into miniature(miniatureId, miniatureName, miniatureType) values(44, 'min long gunners', 4);
insert into miniature(miniatureId, miniatureName, miniatureType) values(45, 'max long gunners', 4);
insert into miniature(miniatureId, miniatureName, miniatureType) values(46, 'min precursor knights', 4);
insert into miniature(miniatureId, miniatureName, miniatureType) values(47, 'max precursor knights', 4);
insert into miniature(miniatureId, miniatureName, miniatureType) values(48, 'rangers', 4);
insert into miniature(miniatureId, miniatureName, miniatureType) values(49, 'min silver line', 4);
insert into miniature(miniatureId, miniatureName, miniatureType) values(410, 'max silver line', 4);
insert into miniature(miniatureId, miniatureName, miniatureType) values(411, 'min storm lances', 4);
insert into miniature(miniatureId, miniatureName, miniatureType) values(412, 'max storm lances', 4);
insert into miniature(miniatureId, miniatureName, miniatureType) values(413, 'stormblades', 4);
insert into miniature(miniatureId, miniatureName, miniatureType) values(414, 'min stormguard', 4);
insert into miniature(miniatureId, miniatureName, miniatureType) values(415, 'max stormguard', 4);
insert into miniature(miniatureId, miniatureName, miniatureType) values(416, 'stormsmith grenadier', 4);
insert into miniature(miniatureId, miniatureName, miniatureType) values(417, 'stormsmith storm tower', 4);
insert into miniature(miniatureId, miniatureName, miniatureType) values(418, 'min sword knights', 4);
insert into miniature(miniatureId, miniatureName, miniatureType) values(419, 'max sword knights', 4);
insert into miniature(miniatureId, miniatureName, miniatureType) values(420, 'min blazers', 4);
insert into miniature(miniatureId, miniatureName, miniatureType) values(421, 'max blazers', 4);
insert into miniature(miniatureId, miniatureName, miniatureType) values(422, 'cannon crew', 4);
insert into miniature(miniatureId, miniatureName, miniatureType) values(423, 'chain gun crew', 4);
insert into miniature(miniatureId, miniatureName, miniatureType) values(424, 'min commandos', 4);
insert into miniature(miniatureId, miniatureName, miniatureType) values(425, 'max commandos', 4);
insert into miniature(miniatureId, miniatureName, miniatureType) values(426, 'min trenchers', 4);
insert into miniature(miniatureId, miniatureName, miniatureType) values(427, 'max trenchers', 4);
insert into miniature(miniatureId, miniatureName, miniatureType) values(428, 'min nyss', 4);
insert into miniature(miniatureId, miniatureName, miniatureType) values(429, 'max nyss', 4);
insert into miniature(miniatureId, miniatureName, miniatureType) values(430, 'min boomhowlers', 4);
insert into miniature(miniatureId, miniatureName, miniatureType) values(431, 'max boomhowlers', 4);
insert into miniature(miniatureId, miniatureName, miniatureType) values(432, 'min foreguard', 4);
insert into miniature(miniatureId, miniatureName, miniatureType) values(433, 'max foreguard', 4);
insert into miniature(miniatureId, miniatureName, miniatureType) values(434, 'aiyana and holt', 4);
insert into miniature(miniatureId, miniatureName, miniatureType) values(435, 'lynus and edrea', 4);

insert into miniature(miniatureId, miniatureName, miniatureType) values(50, 'atgm officer', 5);
insert into miniature(miniatureId, miniatureName, miniatureType) values(51, 'murdoch', 5);
insert into miniature(miniatureId, miniatureName, miniatureType) values(52, 'long gunner ua', 5);
insert into miniature(miniatureId, miniatureName, miniatureType) values(53, 'precursor knights ua', 5);
insert into miniature(miniatureId, miniatureName, miniatureType) values(54, 'stormblades ua', 5);
insert into miniature(miniatureId, miniatureName, miniatureType) values(55, 'stormblades storm gunner', 5);
insert into miniature(miniatureId, miniatureName, miniatureType) values(56, 'sword knights ua', 5);
insert into miniature(miniatureId, miniatureName, miniatureType) values(57, 'trenchers ua', 5);
insert into miniature(miniatureId, miniatureName, miniatureType) values(58, 'trenchers grenadier', 5);
insert into miniature(miniatureId, miniatureName, miniatureType) values(59, 'commandos scattergunner', 5);

insert into miniature(miniatureId, miniatureName, miniatureType) values(60, 'squire', 6);
insert into miniature(miniatureId, miniatureName, miniatureType) values(61, 'madelyn', 6);
insert into miniature(miniatureId, miniatureName, miniatureType) values(62, 'reinholdt', 6);
insert into miniature(miniatureId, miniatureName, miniatureType) values(63, 'sylys', 6);
--
create table army(caseId bigint not null primary key)
--
create table armyMiniatureMapping(caseId INTEGER, miniatureId INTEGER)
insert into army(caseId) values(1);
insert into armyMiniatureMapping(caseId, miniatureId) values(1, 10);
insert into armyMiniatureMapping(caseId, miniatureId) values(1, 219);
insert into armyMiniatureMapping(caseId, miniatureId) values(1, 60);
insert into armyMiniatureMapping(caseId, miniatureId) values(1, 40);
insert into armyMiniatureMapping(caseId, miniatureId) values(1, 41);
insert into armyMiniatureMapping(caseId, miniatureId) values(1, 412);
insert into armyMiniatureMapping(caseId, miniatureId) values(1, 30);
insert into armyMiniatureMapping(caseId, miniatureId) values(1, 34);
insert into armyMiniatureMapping(caseId, miniatureId) values(1, 39);
insert into armyMiniatureMapping(caseId, miniatureId) values(1, 317);
insert into army(caseId) values(2);
insert into armyMiniatureMapping(caseId, miniatureId) values(2, 10);
insert into armyMiniatureMapping(caseId, miniatureId) values(2, 219);
insert into armyMiniatureMapping(caseId, miniatureId) values(2, 60);
insert into armyMiniatureMapping(caseId, miniatureId) values(2, 213);
insert into armyMiniatureMapping(caseId, miniatureId) values(2, 213);
insert into armyMiniatureMapping(caseId, miniatureId) values(2, 71);
insert into armyMiniatureMapping(caseId, miniatureId) values(2, 213);
insert into armyMiniatureMapping(caseId, miniatureId) values(2, 315);
insert into armyMiniatureMapping(caseId, miniatureId) values(2, 412);
insert into army(caseId) values(3);
insert into armyMiniatureMapping(caseId, miniatureId) values(3, 10);
insert into armyMiniatureMapping(caseId, miniatureId) values(3, 219);
insert into armyMiniatureMapping(caseId, miniatureId) values(3, 60);
insert into armyMiniatureMapping(caseId, miniatureId) values(3, 34);
insert into armyMiniatureMapping(caseId, miniatureId) values(3, 31);
insert into armyMiniatureMapping(caseId, miniatureId) values(3, 31);
insert into armyMiniatureMapping(caseId, miniatureId) values(3, 30);
insert into armyMiniatureMapping(caseId, miniatureId) values(3, 317);
insert into armyMiniatureMapping(caseId, miniatureId) values(3, 41);
insert into armyMiniatureMapping(caseId, miniatureId) values(3, 40);
insert into armyMiniatureMapping(caseId, miniatureId) values(3, 50);
insert into armyMiniatureMapping(caseId, miniatureId) values(3, 26);
insert into army(caseId) values(4);
insert into armyMiniatureMapping(caseId, miniatureId) values(4, 110);
insert into armyMiniatureMapping(caseId, miniatureId) values(4, 62);
insert into armyMiniatureMapping(caseId, miniatureId) values(4, 22);
insert into armyMiniatureMapping(caseId, miniatureId) values(4, 28);
insert into armyMiniatureMapping(caseId, miniatureId) values(4, 34);
insert into armyMiniatureMapping(caseId, miniatureId) values(4, 314);
insert into armyMiniatureMapping(caseId, miniatureId) values(4, 317);
insert into armyMiniatureMapping(caseId, miniatureId) values(4, 313);
insert into armyMiniatureMapping(caseId, miniatureId) values(4, 48);
insert into armyMiniatureMapping(caseId, miniatureId) values(4, 411);
insert into armyMiniatureMapping(caseId, miniatureId) values(4, 411);
insert into armyMiniatureMapping(caseId, miniatureId) values(4, 40);
insert into armyMiniatureMapping(caseId, miniatureId) values(4, 37);
insert into army(caseId) values(5);
insert into armyMiniatureMapping(caseId, miniatureId) values(5, 12);
insert into armyMiniatureMapping(caseId, miniatureId) values(5, 60);
insert into armyMiniatureMapping(caseId, miniatureId) values(5, 27);
insert into armyMiniatureMapping(caseId, miniatureId) values(5, 220);
insert into armyMiniatureMapping(caseId, miniatureId) values(5, 314);
insert into armyMiniatureMapping(caseId, miniatureId) values(5, 317);
insert into armyMiniatureMapping(caseId, miniatureId) values(5, 71);
insert into armyMiniatureMapping(caseId, miniatureId) values(5, 27);
insert into armyMiniatureMapping(caseId, miniatureId) values(5, 30);
insert into armyMiniatureMapping(caseId, miniatureId) values(5, 316);
insert into armyMiniatureMapping(caseId, miniatureId) values(5, 412);
insert into armyMiniatureMapping(caseId, miniatureId) values(5, 426);
insert into army(caseId) values(6);
insert into armyMiniatureMapping(caseId, miniatureId)  values(6, 10);
insert into armyMiniatureMapping(caseId, miniatureId)  values(6, 219);
insert into armyMiniatureMapping(caseId, miniatureId)  values(6, 60);
insert into armyMiniatureMapping(caseId, miniatureId)  values(6, 40);
insert into armyMiniatureMapping(caseId, miniatureId)  values(6, 41);
insert into armyMiniatureMapping(caseId, miniatureId)  values(6, 412);
insert into armyMiniatureMapping(caseId, miniatureId)  values(6, 30);
insert into armyMiniatureMapping(caseId, miniatureId)  values(6, 34);
insert into armyMiniatureMapping(caseId, miniatureId)  values(6, 39);
insert into armyMiniatureMapping(caseId, miniatureId)  values(6, 317);
insert into army(caseId) values(7);
insert into armyMiniatureMapping(caseId, miniatureId)  values(7, 10);
insert into armyMiniatureMapping(caseId, miniatureId)  values(7, 219);
insert into armyMiniatureMapping(caseId, miniatureId)  values(7, 60);
insert into armyMiniatureMapping(caseId, miniatureId)  values(7, 34);
insert into armyMiniatureMapping(caseId, miniatureId)  values(7, 31);
insert into armyMiniatureMapping(caseId, miniatureId)  values(7, 31);
insert into armyMiniatureMapping(caseId, miniatureId)  values(7, 30);
insert into armyMiniatureMapping(caseId, miniatureId)  values(7, 317);
insert into armyMiniatureMapping(caseId, miniatureId)  values(7, 41);
insert into armyMiniatureMapping(caseId, miniatureId)  values(7, 40);
insert into armyMiniatureMapping(caseId, miniatureId)  values(7, 50);
insert into armyMiniatureMapping(caseId, miniatureId)  values(7, 25);

insert into army(caseId) values(8);
insert into armyMiniatureMapping(caseId, miniatureId)  values(8, 10);
insert into armyMiniatureMapping(caseId, miniatureId)  values(8, 219);
insert into armyMiniatureMapping(caseId, miniatureId)  values(8, 60);
insert into armyMiniatureMapping(caseId, miniatureId)  values(8, 34);
insert into armyMiniatureMapping(caseId, miniatureId)  values(8, 31);
insert into armyMiniatureMapping(caseId, miniatureId)  values(8, 31);
insert into armyMiniatureMapping(caseId, miniatureId)  values(8, 30);
insert into armyMiniatureMapping(caseId, miniatureId)  values(8, 317);
insert into armyMiniatureMapping(caseId, miniatureId)  values(8, 41);
insert into armyMiniatureMapping(caseId, miniatureId)  values(8, 40);
insert into armyMiniatureMapping(caseId, miniatureId)  values(8, 50);
insert into armyMiniatureMapping(caseId, miniatureId)  values(8, 25);
