-- create database travel
-- use travel
-- drop table travel
-- Miniature mapping table: 1 - warcaster, 2 - warjack, 3 - solo, 4 - unit, 5 - unitAttachment, 6 - warcasterAttachment, 7 - juniorWarcaster
create table miniature(miniatureId bigint not null primary key, miniatureName VARCHAR(50), miniatureType INTEGER);
insert into miniature(miniatureId, miniatureName, miniatureType) values(10, 'haley1', 1);
insert into miniature(miniatureId, miniatureName, miniatureType) values(11, 'haley2', 1);
insert into miniature(miniatureId, miniatureName, miniatureType) values(12, 'haley3', 1);
insert into miniature(miniatureId, miniatureName, miniatureType) values(13, 'stryker1', 1);
insert into miniature(miniatureId, miniatureName, miniatureType) values(14, 'stryker2', 1);
insert into miniature(miniatureId, miniatureName, miniatureType) values(15, 'stryker3', 1);
insert into miniature(miniatureId, miniatureName, miniatureType) values(16, 'nemo1', 1);
insert into miniature(miniatureId, miniatureName, miniatureType) values(17, 'nemo2', 1);
insert into miniature(miniatureId, miniatureName, miniatureType) values(18, 'nemo3', 1);
insert into miniature(miniatureId, miniatureName, miniatureType) values(19, 'caine1', 1);
insert into miniature(miniatureId, miniatureName, miniatureType) values(110, 'caine2', 1);
insert into miniature(miniatureId, miniatureName, miniatureType) values(111, 'siege', 1);
insert into miniature(miniatureId, miniatureName, miniatureType) values(112, 'maddox', 1);
insert into miniature(miniatureId, miniatureName, miniatureType) values(113, 'blaize', 1);
insert into miniature(miniatureId, miniatureName, miniatureType) values(114, 'sturgis', 1);
insert into miniature(miniatureId, miniatureName, miniatureType) values(115, 'sloan', 1);
insert into miniature(miniatureId, miniatureName, miniatureType) values(116, 'kraye', 1);
insert into miniature(miniatureId, miniatureName, miniatureType) values(117, 'jakes', 1);
insert into miniature(miniatureId, miniatureName, miniatureType) values(118, 'darius', 1);
insert into miniature(miniatureId, miniatureName, miniatureType) values(70, 'jakes', 7);
insert into miniature(miniatureId, miniatureName, miniatureType) values(71, 'junior', 7);
insert into miniature(miniatureId, miniatureName, miniatureType) values(20, 'ironclad', 2);
insert into miniature(miniatureId, miniatureName, miniatureType) values(21, 'stormclad', 2);
insert into miniature(miniatureId, miniatureName, miniatureType) values(22,'ace',2);
insert into miniature(miniatureId, miniatureName, miniatureType) values(23,'avenger',2);
insert into miniature(miniatureId, miniatureName, miniatureType) values(24,'centurion',2);
insert into miniature(miniatureId, miniatureName, miniatureType) values(25,'charger',2);
insert into miniature(miniatureId, miniatureName, miniatureType) values(26,'cyclone',2);
insert into miniature(miniatureId, miniatureName, miniatureType) values(27,'defender',2);
insert into miniature(miniatureId, miniatureName, miniatureType) values(28,'dynamo',2);
insert into miniature(miniatureId, miniatureName, miniatureType) values(29,'firefly',2);
insert into miniature(miniatureId, miniatureName, miniatureType) values(210,'gallant',2);
insert into miniature(miniatureId, miniatureName, miniatureType) values(211,'grenadier',2);
insert into miniature(miniatureId, miniatureName, miniatureType) values(212,'hammersmith',2);
insert into miniature(miniatureId, miniatureName, miniatureType) values(213,'hunter',2);
insert into miniature(miniatureId, miniatureName, miniatureType) values(214,'hurricane',2);
insert into miniature(miniatureId, miniatureName, miniatureType) values(215,'lancer',2);
insert into miniature(miniatureId, miniatureName, miniatureType) values(216,'minuteman',2);
insert into miniature(miniatureId, miniatureName, miniatureType) values(217,'olrowdy',2);
insert into miniature(miniatureId, miniatureName, miniatureType) values(218,'reliant',2);
insert into miniature(miniatureId, miniatureName, miniatureType) values(219,'sentinel',2);
insert into miniature(miniatureId, miniatureName, miniatureType) values(220,'stormwall',2);
insert into miniature(miniatureId, miniatureName, miniatureType) values(221,'thorn',2);
insert into miniature(miniatureId, miniatureName, miniatureType) values(222,'thunderhead',2);
insert into miniature(miniatureId, miniatureName, miniatureType) values(223,'triumph',2);


insert into miniature(miniatureId, miniatureName, miniatureType) values(30, 'arlan', 3);
insert into miniature(miniatureId, miniatureName, miniatureType) values(31, 'rifleman', 3);
insert into miniature(miniatureId, miniatureName, miniatureType) values(32, 'runewood', 3);
insert into miniature(miniatureId, miniatureName, miniatureType) values(33, 'finn', 3);
insert into miniature(miniatureId, miniatureName, miniatureType) values(34, 'gmca', 3);
insert into miniature(miniatureId, miniatureName, miniatureType) values(35, 'harlan versh', 3);
insert into miniature(miniatureId, miniatureName, miniatureType) values(36, 'gibbs', 3);
insert into miniature(miniatureId, miniatureName, miniatureType) values(37, 'laddermore', 3);
insert into miniature(miniatureId, miniatureName, miniatureType) values(38, 'stormblade captain', 3);
insert into miniature(miniatureId, miniatureName, miniatureType) values(39, 'stormcallers', 3);
insert into miniature(miniatureId, miniatureName, miniatureType) values(310, 'trench buster', 3);
insert into miniature(miniatureId, miniatureName, miniatureType) values(311, 'master gunner', 3);
insert into miniature(miniatureId, miniatureName, miniatureType) values(312, 'pendrake', 3);
insert into miniature(miniatureId, miniatureName, miniatureType) values(313, 'lanyssa', 3);
insert into miniature(miniatureId, miniatureName, miniatureType) values(314, 'ragman', 3);
insert into miniature(miniatureId, miniatureName, miniatureType) values(315, 'gobber tinker', 3);
insert into miniature(miniatureId, miniatureName, miniatureType) values(316, 'gorman', 3);
insert into miniature(miniatureId, miniatureName, miniatureType) values(317, 'rhupert', 3);
insert into miniature(miniatureId, miniatureName, miniatureType) values(318, 'eiryss1', 3);
insert into miniature(miniatureId, miniatureName, miniatureType) values(319, 'eiryss2', 3);
insert into miniature(miniatureId, miniatureName, miniatureType) values(320, 'anastasia', 3);
insert into miniature(miniatureId, miniatureName, miniatureType) values(321, 'alexia2', 3);
insert into miniature(miniatureId, miniatureName, miniatureType) values(322, 'alten ashley', 3);
insert into miniature(miniatureId, miniatureName, miniatureType) values(323, 'acosta', 3);

insert into miniature(miniatureId, miniatureName, miniatureType) values(40, 'atgm', 4);
insert into miniature(miniatureId, miniatureName, miniatureType) values(41, 'b13', 4);
insert into miniature(miniatureId, miniatureName, miniatureType) values(42, 'min mechs', 4);
insert into miniature(miniatureId, miniatureName, miniatureType) values(43, 'max mechs', 4);
insert into miniature(miniatureId, miniatureName, miniatureType) values(44, 'min long gunners', 4);
insert into miniature(miniatureId, miniatureName, miniatureType) values(45, 'max long gunners', 4);
insert into miniature(miniatureId, miniatureName, miniatureType) values(46, 'min precursor knights', 4);
insert into miniature(miniatureId, miniatureName, miniatureType) values(47, 'max precursor knights', 4);
insert into miniature(miniatureId, miniatureName, miniatureType) values(48, 'rangers', 4);
insert into miniature(miniatureId, miniatureName, miniatureType) values(49, 'min silver line', 4);
insert into miniature(miniatureId, miniatureName, miniatureType) values(410, 'max silver line', 4);
insert into miniature(miniatureId, miniatureName, miniatureType) values(411, 'min storm lances', 4);
insert into miniature(miniatureId, miniatureName, miniatureType) values(412, 'max storm lances', 4);
insert into miniature(miniatureId, miniatureName, miniatureType) values(413, 'stormblades', 4);
insert into miniature(miniatureId, miniatureName, miniatureType) values(414, 'min stormguard', 4);
insert into miniature(miniatureId, miniatureName, miniatureType) values(415, 'max stormguard', 4);
insert into miniature(miniatureId, miniatureName, miniatureType) values(416, 'stormsmith grenadier', 4);
insert into miniature(miniatureId, miniatureName, miniatureType) values(417, 'stormsmith storm tower', 4);
insert into miniature(miniatureId, miniatureName, miniatureType) values(418, 'min sword knights', 4);
insert into miniature(miniatureId, miniatureName, miniatureType) values(419, 'max sword knights', 4);
insert into miniature(miniatureId, miniatureName, miniatureType) values(420, 'min blazers', 4);
insert into miniature(miniatureId, miniatureName, miniatureType) values(421, 'max blazers', 4);
insert into miniature(miniatureId, miniatureName, miniatureType) values(422, 'cannon crew', 4);
insert into miniature(miniatureId, miniatureName, miniatureType) values(423, 'chain gun crew', 4);
insert into miniature(miniatureId, miniatureName, miniatureType) values(424, 'min commandos', 4);
insert into miniature(miniatureId, miniatureName, miniatureType) values(425, 'max commandos', 4);
insert into miniature(miniatureId, miniatureName, miniatureType) values(426, 'min trenchers', 4);
insert into miniature(miniatureId, miniatureName, miniatureType) values(427, 'max trenchers', 4);
insert into miniature(miniatureId, miniatureName, miniatureType) values(428, 'min nyss', 4);
insert into miniature(miniatureId, miniatureName, miniatureType) values(429, 'max nyss', 4);
insert into miniature(miniatureId, miniatureName, miniatureType) values(430, 'min boomhowlers', 4);
insert into miniature(miniatureId, miniatureName, miniatureType) values(431, 'max boomhowlers', 4);
insert into miniature(miniatureId, miniatureName, miniatureType) values(432, 'min foreguard', 4);
insert into miniature(miniatureId, miniatureName, miniatureType) values(433, 'max foreguard', 4);
insert into miniature(miniatureId, miniatureName, miniatureType) values(434, 'aiyana and holt', 4);
insert into miniature(miniatureId, miniatureName, miniatureType) values(435, 'lynus and edrea', 4);

insert into miniature(miniatureId, miniatureName, miniatureType) values(50, 'atgm officer', 5);
insert into miniature(miniatureId, miniatureName, miniatureType) values(51, 'murdoch', 5);
insert into miniature(miniatureId, miniatureName, miniatureType) values(52, 'long gunner ua', 5);
insert into miniature(miniatureId, miniatureName, miniatureType) values(53, 'precursor knights ua', 5);
insert into miniature(miniatureId, miniatureName, miniatureType) values(54, 'stormblades ua', 5);
insert into miniature(miniatureId, miniatureName, miniatureType) values(55, 'stormblades storm gunner', 5);
insert into miniature(miniatureId, miniatureName, miniatureType) values(56, 'sword knights ua', 5);
insert into miniature(miniatureId, miniatureName, miniatureType) values(57, 'trenchers ua', 5);
insert into miniature(miniatureId, miniatureName, miniatureType) values(58, 'trenchers grenadier', 5);
insert into miniature(miniatureId, miniatureName, miniatureType) values(59, 'commandos scattergunner', 5);

insert into miniature(miniatureId, miniatureName, miniatureType) values(60, 'squire', 6);
insert into miniature(miniatureId, miniatureName, miniatureType) values(61, 'madelyn', 6);
insert into miniature(miniatureId, miniatureName, miniatureType) values(62, 'reinholdt', 6);
insert into miniature(miniatureId, miniatureName, miniatureType) values(63, 'sylys', 6);
--
create table army(caseId bigint not null primary key)
--
create table armyMiniatureMapping(caseId INTEGER, miniatureId INTEGER)
-- Josh Bates
insert into army(caseId) values(1);
insert into armyMiniatureMapping(caseId, miniatureId) values(1, 110);
insert into armyMiniatureMapping(caseId, miniatureId) values(1, 62);
insert into armyMiniatureMapping(caseId, miniatureId) values(1, 22);
insert into armyMiniatureMapping(caseId, miniatureId) values(1, 28);
insert into armyMiniatureMapping(caseId, miniatureId) values(1, 34);
insert into armyMiniatureMapping(caseId, miniatureId) values(1, 314);
insert into armyMiniatureMapping(caseId, miniatureId) values(1, 317);
insert into armyMiniatureMapping(caseId, miniatureId) values(1, 313);
insert into armyMiniatureMapping(caseId, miniatureId) values(1, 48);
insert into armyMiniatureMapping(caseId, miniatureId) values(1, 411);
insert into armyMiniatureMapping(caseId, miniatureId) values(1, 411);
insert into armyMiniatureMapping(caseId, miniatureId) values(1, 40);
insert into armyMiniatureMapping(caseId, miniatureId) values(1, 37);
-- Josh Bates
insert into army(caseId) values(2);
insert into armyMiniatureMapping(caseId, miniatureId) values(2, 12);
insert into armyMiniatureMapping(caseId, miniatureId) values(2, 60);
insert into armyMiniatureMapping(caseId, miniatureId) values(2, 27);
insert into armyMiniatureMapping(caseId, miniatureId) values(2, 220);
insert into armyMiniatureMapping(caseId, miniatureId) values(2, 314);
insert into armyMiniatureMapping(caseId, miniatureId) values(2, 317);
insert into armyMiniatureMapping(caseId, miniatureId) values(2, 71);
insert into armyMiniatureMapping(caseId, miniatureId) values(2, 27);
insert into armyMiniatureMapping(caseId, miniatureId) values(2, 30);
insert into armyMiniatureMapping(caseId, miniatureId) values(2, 316);
insert into armyMiniatureMapping(caseId, miniatureId) values(2, 412);
insert into armyMiniatureMapping(caseId, miniatureId) values(2, 426);
-- Austria Apfelstrudel(No player name..)
insert into army(caseId) values(3);
insert into armyMiniatureMapping(caseId, miniatureId) values(3, 118);
insert into armyMiniatureMapping(caseId, miniatureId) values(3, 60);
insert into armyMiniatureMapping(caseId, miniatureId) values(3, 24);
insert into armyMiniatureMapping(caseId, miniatureId) values(3, 24);
insert into armyMiniatureMapping(caseId, miniatureId) values(3, 24);
insert into armyMiniatureMapping(caseId, miniatureId) values(3, 71);
insert into armyMiniatureMapping(caseId, miniatureId) values(3, 219);
insert into armyMiniatureMapping(caseId, miniatureId) values(3, 34);
insert into armyMiniatureMapping(caseId, miniatureId) values(3, 316);
insert into armyMiniatureMapping(caseId, miniatureId) values(3, 314);
insert into armyMiniatureMapping(caseId, miniatureId) values(3, 317);
insert into armyMiniatureMapping(caseId, miniatureId) values(3, 419);
insert into armyMiniatureMapping(caseId, miniatureId) values(3, 56);
-- Austria Apfelstrudel(No player name..)
insert into army(caseId) values(4);
insert into armyMiniatureMapping(caseId, miniatureId) values(4, 110);
insert into armyMiniatureMapping(caseId, miniatureId) values(4, 62);
insert into armyMiniatureMapping(caseId, miniatureId) values(4, 220);
insert into armyMiniatureMapping(caseId, miniatureId) values(4, 70);
insert into armyMiniatureMapping(caseId, miniatureId) values(4, 219);
insert into armyMiniatureMapping(caseId, miniatureId) values(4, 70);
insert into armyMiniatureMapping(caseId, miniatureId) values(4, 24);
insert into armyMiniatureMapping(caseId, miniatureId) values(4, 30);
insert into armyMiniatureMapping(caseId, miniatureId) values(4, 34);
insert into armyMiniatureMapping(caseId, miniatureId) values(4, 314);
insert into armyMiniatureMapping(caseId, miniatureId) values(4, 312);
insert into armyMiniatureMapping(caseId, miniatureId) values(4, 48);
-- Tommy Geuns
insert into army(caseId) values(5);
insert into armyMiniatureMapping(caseId, miniatureId) values(5, 112);
insert into armyMiniatureMapping(caseId, miniatureId) values(5, 21);
insert into armyMiniatureMapping(caseId, miniatureId) values(5, 21);
insert into armyMiniatureMapping(caseId, miniatureId) values(5, 63);
insert into armyMiniatureMapping(caseId, miniatureId) values(5, 412);
insert into armyMiniatureMapping(caseId, miniatureId) values(5, 412);
insert into armyMiniatureMapping(caseId, miniatureId) values(5, 71);
insert into armyMiniatureMapping(caseId, miniatureId) values(5, 29);
insert into armyMiniatureMapping(caseId, miniatureId) values(5, 37);
-- Tommy Geuns
insert into army(caseId) values(6);
insert into armyMiniatureMapping(caseId, miniatureId) values(6, 12);
insert into armyMiniatureMapping(caseId, miniatureId) values(6, 21);
insert into armyMiniatureMapping(caseId, miniatureId) values(6, 221);
insert into armyMiniatureMapping(caseId, miniatureId) values(6, 63);
insert into armyMiniatureMapping(caseId, miniatureId) values(6, 412);
insert into armyMiniatureMapping(caseId, miniatureId) values(6, 413);
insert into armyMiniatureMapping(caseId, miniatureId) values(6, 54);
insert into armyMiniatureMapping(caseId, miniatureId) values(6, 55);
insert into armyMiniatureMapping(caseId, miniatureId) values(6, 55);
insert into armyMiniatureMapping(caseId, miniatureId) values(6, 55);
insert into armyMiniatureMapping(caseId, miniatureId) values(6, 426);
insert into armyMiniatureMapping(caseId, miniatureId) values(6, 34);
insert into armyMiniatureMapping(caseId, miniatureId) values(6, 314);
insert into armyMiniatureMapping(caseId, miniatureId) values(6, 317);
-- Wout Maerschalck
insert into army(caseId) values(7);
insert into armyMiniatureMapping(caseId, miniatureId) values(7, 115);
insert into armyMiniatureMapping(caseId, miniatureId) values(7, 62);
insert into armyMiniatureMapping(caseId, miniatureId) values(7, 213);
insert into armyMiniatureMapping(caseId, miniatureId) values(7, 213);
insert into armyMiniatureMapping(caseId, miniatureId) values(7, 213);
insert into armyMiniatureMapping(caseId, miniatureId) values(7, 213);
insert into armyMiniatureMapping(caseId, miniatureId) values(7, 213);
insert into armyMiniatureMapping(caseId, miniatureId) values(7, 30);
insert into armyMiniatureMapping(caseId, miniatureId) values(7, 34);
insert into armyMiniatureMapping(caseId, miniatureId) values(7, 34);
insert into armyMiniatureMapping(caseId, miniatureId) values(7, 48);
insert into armyMiniatureMapping(caseId, miniatureId) values(7, 426);
insert into armyMiniatureMapping(caseId, miniatureId) values(7, 57);
insert into armyMiniatureMapping(caseId, miniatureId) values(7, 58);
insert into armyMiniatureMapping(caseId, miniatureId) values(7, 58);
insert into armyMiniatureMapping(caseId, miniatureId) values(7, 58);
-- Wout Maerschalck
insert into army(caseId) values(8);
insert into armyMiniatureMapping(caseId, miniatureId) values(8, 11);
insert into armyMiniatureMapping(caseId, miniatureId) values(8, 60);
insert into armyMiniatureMapping(caseId, miniatureId) values(8, 210);
insert into armyMiniatureMapping(caseId, miniatureId) values(8, 21);
insert into armyMiniatureMapping(caseId, miniatureId) values(8, 21);
insert into armyMiniatureMapping(caseId, miniatureId) values(8, 221);
insert into armyMiniatureMapping(caseId, miniatureId) values(8, 71);
insert into armyMiniatureMapping(caseId, miniatureId) values(8, 216);
insert into armyMiniatureMapping(caseId, miniatureId) values(8, 30);
insert into armyMiniatureMapping(caseId, miniatureId) values(8, 411);
-- Josef Skladanka
insert into army(caseId) values(9);
insert into armyMiniatureMapping(caseId, miniatureId) values(9, 10);
insert into armyMiniatureMapping(caseId, miniatureId) values(9, 60);
insert into armyMiniatureMapping(caseId, miniatureId) values(9, 220);
insert into armyMiniatureMapping(caseId, miniatureId) values(9, 71);
insert into armyMiniatureMapping(caseId, miniatureId) values(9, 29);
insert into armyMiniatureMapping(caseId, miniatureId) values(9, 37);
insert into armyMiniatureMapping(caseId, miniatureId) values(9, 320);
insert into armyMiniatureMapping(caseId, miniatureId) values(9, 317);
insert into armyMiniatureMapping(caseId, miniatureId) values(9, 412);
insert into armyMiniatureMapping(caseId, miniatureId) values(9, 420);
-- Josef Skladanka
insert into army(caseId) values(10);
insert into armyMiniatureMapping(caseId, miniatureId) values(10, 12);
insert into armyMiniatureMapping(caseId, miniatureId) values(10, 62);
insert into armyMiniatureMapping(caseId, miniatureId) values(10, 221);
insert into armyMiniatureMapping(caseId, miniatureId) values(10, 20);
insert into armyMiniatureMapping(caseId, miniatureId) values(10, 317);
insert into armyMiniatureMapping(caseId, miniatureId) values(10, 311);
insert into armyMiniatureMapping(caseId, miniatureId) values(10, 211);
insert into armyMiniatureMapping(caseId, miniatureId) values(10, 311);
insert into armyMiniatureMapping(caseId, miniatureId) values(10, 323);
insert into armyMiniatureMapping(caseId, miniatureId) values(10, 34);
insert into armyMiniatureMapping(caseId, miniatureId) values(10, 315);
insert into armyMiniatureMapping(caseId, miniatureId) values(10, 413);
insert into armyMiniatureMapping(caseId, miniatureId) values(10, 54);
insert into armyMiniatureMapping(caseId, miniatureId) values(10, 422);
insert into armyMiniatureMapping(caseId, miniatureId) values(10, 422);
-- Soren
insert into army(caseId) values(11);
insert into armyMiniatureMapping(caseId, miniatureId) values(11, 14);
insert into armyMiniatureMapping(caseId, miniatureId) values(11, 221);
insert into armyMiniatureMapping(caseId, miniatureId) values(11, 21);
insert into armyMiniatureMapping(caseId, miniatureId) values(11, 71);
insert into armyMiniatureMapping(caseId, miniatureId) values(11, 29);
insert into armyMiniatureMapping(caseId, miniatureId) values(11, 313);
insert into armyMiniatureMapping(caseId, miniatureId) values(11, 317);
insert into armyMiniatureMapping(caseId, miniatureId) values(11, 37);
insert into armyMiniatureMapping(caseId, miniatureId) values(11, 411);
insert into armyMiniatureMapping(caseId, miniatureId) values(11, 411);
insert into armyMiniatureMapping(caseId, miniatureId) values(11, 413);
insert into armyMiniatureMapping(caseId, miniatureId) values(11, 54);
insert into armyMiniatureMapping(caseId, miniatureId) values(11, 55);
insert into armyMiniatureMapping(caseId, miniatureId) values(11, 55);
insert into armyMiniatureMapping(caseId, miniatureId) values(11, 55);
-- Soren
insert into army(caseId) values(12);
insert into armyMiniatureMapping(caseId, miniatureId) values(12, 11);
insert into armyMiniatureMapping(caseId, miniatureId) values(12, 60);
insert into armyMiniatureMapping(caseId, miniatureId) values(12, 220);
insert into armyMiniatureMapping(caseId, miniatureId) values(12, 221);
insert into armyMiniatureMapping(caseId, miniatureId) values(12, 20);
insert into armyMiniatureMapping(caseId, miniatureId) values(12, 71);
insert into armyMiniatureMapping(caseId, miniatureId) values(12, 219);
insert into armyMiniatureMapping(caseId, miniatureId) values(12, 313);
insert into armyMiniatureMapping(caseId, miniatureId) values(12, 314);
insert into armyMiniatureMapping(caseId, miniatureId) values(12, 411);
-- Jaakko
insert into army(caseId) values(13);
insert into armyMiniatureMapping(caseId, miniatureId) values(13, 10);
insert into armyMiniatureMapping(caseId, miniatureId) values(13, 60);
insert into armyMiniatureMapping(caseId, miniatureId) values(13, 220);
insert into armyMiniatureMapping(caseId, miniatureId) values(13, 315);
insert into armyMiniatureMapping(caseId, miniatureId) values(13, 316);
insert into armyMiniatureMapping(caseId, miniatureId) values(13, 32);
insert into armyMiniatureMapping(caseId, miniatureId) values(13, 30);
insert into armyMiniatureMapping(caseId, miniatureId) values(13, 71);
insert into armyMiniatureMapping(caseId, miniatureId) values(13, 29);
insert into armyMiniatureMapping(caseId, miniatureId) values(13, 34);
insert into armyMiniatureMapping(caseId, miniatureId) values(13, 37);
insert into armyMiniatureMapping(caseId, miniatureId) values(13, 412);
-- Jaakko
insert into army(caseId) values(14);
insert into armyMiniatureMapping(caseId, miniatureId) values(14, 11);
insert into armyMiniatureMapping(caseId, miniatureId) values(14, 50);
insert into armyMiniatureMapping(caseId, miniatureId) values(14, 21);
insert into armyMiniatureMapping(caseId, miniatureId) values(14, 21);
insert into armyMiniatureMapping(caseId, miniatureId) values(14, 221);
insert into armyMiniatureMapping(caseId, miniatureId) values(14, 30);
insert into armyMiniatureMapping(caseId, miniatureId) values(14, 71);
insert into armyMiniatureMapping(caseId, miniatureId) values(14, 213);
insert into armyMiniatureMapping(caseId, miniatureId) values(14, 313);
insert into armyMiniatureMapping(caseId, miniatureId) values(14, 317);
insert into armyMiniatureMapping(caseId, miniatureId) values(14, 412);
-- Rudolf Edlmayer
insert into army(caseId) values(15);
insert into armyMiniatureMapping(caseId, miniatureId) values(15, 16);
insert into armyMiniatureMapping(caseId, miniatureId) values(15, 60);
insert into armyMiniatureMapping(caseId, miniatureId) values(15, 222);
insert into armyMiniatureMapping(caseId, miniatureId) values(15, 221);
insert into armyMiniatureMapping(caseId, miniatureId) values(15, 29);
insert into armyMiniatureMapping(caseId, miniatureId) values(15, 30);
insert into armyMiniatureMapping(caseId, miniatureId) values(15, 317);
insert into armyMiniatureMapping(caseId, miniatureId) values(15, 71);
insert into armyMiniatureMapping(caseId, miniatureId) values(15, 29);
insert into armyMiniatureMapping(caseId, miniatureId) values(15, 417);
insert into armyMiniatureMapping(caseId, miniatureId) values(15, 42);
insert into armyMiniatureMapping(caseId, miniatureId) values(15, 413);
insert into armyMiniatureMapping(caseId, miniatureId) values(15, 54);
insert into armyMiniatureMapping(caseId, miniatureId) values(15, 410);
-- Rudolf Edlmayer
insert into army(caseId) values(16);
insert into armyMiniatureMapping(caseId, miniatureId) values(16, 112);
insert into armyMiniatureMapping(caseId, miniatureId) values(16, 62);
insert into armyMiniatureMapping(caseId, miniatureId) values(16, 21);
insert into armyMiniatureMapping(caseId, miniatureId) values(16, 20);
insert into armyMiniatureMapping(caseId, miniatureId) values(16, 29);
insert into armyMiniatureMapping(caseId, miniatureId) values(16, xxxx); -- MUST ADD BATTLE ENGINE!!!
insert into armyMiniatureMapping(caseId, miniatureId) values(16, 310);
insert into armyMiniatureMapping(caseId, miniatureId) values(16, 310);
insert into armyMiniatureMapping(caseId, miniatureId) values(16, 312);
insert into armyMiniatureMapping(caseId, miniatureId) values(16, 30);
insert into armyMiniatureMapping(caseId, miniatureId) values(16, 322);
insert into armyMiniatureMapping(caseId, miniatureId) values(16, 413);
insert into armyMiniatureMapping(caseId, miniatureId) values(16, 54);
insert into armyMiniatureMapping(caseId, miniatureId) values(16, 55);
insert into armyMiniatureMapping(caseId, miniatureId) values(16, 42);
-- Pat Dunford
insert into army(caseId) values(17);
insert into armyMiniatureMapping(caseId, miniatureId) values(17, 110);
insert into armyMiniatureMapping(caseId, miniatureId) values(17, 62);
insert into armyMiniatureMapping(caseId, miniatureId) values(17, 220);
insert into armyMiniatureMapping(caseId, miniatureId) values(17, 30);
insert into armyMiniatureMapping(caseId, miniatureId) values(17, 71);
insert into armyMiniatureMapping(caseId, miniatureId) values(17, 25);
insert into armyMiniatureMapping(caseId, miniatureId) values(17, 34);
insert into armyMiniatureMapping(caseId, miniatureId) values(17, 48);
insert into armyMiniatureMapping(caseId, miniatureId) values(17, 411);
insert into armyMiniatureMapping(caseId, miniatureId) values(17, 411);
-- Pat Dunford
insert into army(caseId) values(18);
insert into armyMiniatureMapping(caseId, miniatureId) values(18, 11);
insert into armyMiniatureMapping(caseId, miniatureId) values(18, 60);
insert into armyMiniatureMapping(caseId, miniatureId) values(18, 21);
insert into armyMiniatureMapping(caseId, miniatureId) values(18, 21);
insert into armyMiniatureMapping(caseId, miniatureId) values(18, 221);
insert into armyMiniatureMapping(caseId, miniatureId) values(18, 313);
insert into armyMiniatureMapping(caseId, miniatureId) values(18, 71);
insert into armyMiniatureMapping(caseId, miniatureId) values(18, 25);
insert into armyMiniatureMapping(caseId, miniatureId) values(18, 315);
insert into armyMiniatureMapping(caseId, miniatureId) values(18, 314);
insert into armyMiniatureMapping(caseId, miniatureId) values(18, 411);
insert into armyMiniatureMapping(caseId, miniatureId) values(18, 411);
-- Daniel Porter
insert into army(caseId) values(19);
insert into armyMiniatureMapping(caseId, miniatureId) values(19, 11);
insert into armyMiniatureMapping(caseId, miniatureId) values(19, 60);
insert into armyMiniatureMapping(caseId, miniatureId) values(19, 21);
insert into armyMiniatureMapping(caseId, miniatureId) values(19, 21);
insert into armyMiniatureMapping(caseId, miniatureId) values(19, 221);
insert into armyMiniatureMapping(caseId, miniatureId) values(19, 23);
insert into armyMiniatureMapping(caseId, miniatureId) values(19, 30);
insert into armyMiniatureMapping(caseId, miniatureId) values(19, 314);
insert into armyMiniatureMapping(caseId, miniatureId) values(19, 412);
-- Daniel Porter
insert into army(caseId) values(20);
insert into armyMiniatureMapping(caseId, miniatureId) values(20, 110);
insert into armyMiniatureMapping(caseId, miniatureId) values(20, 62);
insert into armyMiniatureMapping(caseId, miniatureId) values(20, 220);
insert into armyMiniatureMapping(caseId, miniatureId) values(20, 30);
insert into armyMiniatureMapping(caseId, miniatureId) values(20, 34);
insert into armyMiniatureMapping(caseId, miniatureId) values(20, 71);
insert into armyMiniatureMapping(caseId, miniatureId) values(20, 25);
insert into armyMiniatureMapping(caseId, miniatureId) values(20, 314);
insert into armyMiniatureMapping(caseId, miniatureId) values(20, 411);
insert into armyMiniatureMapping(caseId, miniatureId) values(20, 411);
insert into armyMiniatureMapping(caseId, miniatureId) values(20, 48);
-- Edoardo Rinaldi
insert into army(caseId) values(21);
insert into armyMiniatureMapping(caseId, miniatureId) values(21, 110);
insert into armyMiniatureMapping(caseId, miniatureId) values(21, 62);
insert into armyMiniatureMapping(caseId, miniatureId) values(21, 22);
insert into armyMiniatureMapping(caseId, miniatureId) values(21, 24);
insert into armyMiniatureMapping(caseId, miniatureId) values(21, 24);
insert into armyMiniatureMapping(caseId, miniatureId) values(21, 31);
insert into armyMiniatureMapping(caseId, miniatureId) values(21, 31);
insert into armyMiniatureMapping(caseId, miniatureId) values(21, 34);
insert into armyMiniatureMapping(caseId, miniatureId) values(21, 48);
insert into armyMiniatureMapping(caseId, miniatureId) values(21, 322);
insert into armyMiniatureMapping(caseId, miniatureId) values(20, 314);
insert into armyMiniatureMapping(caseId, miniatureId) values(21, 427);
insert into armyMiniatureMapping(caseId, miniatureId) values(21, 57);
-- Edoardo Rinaldi
insert into army(caseId) values(22);
insert into armyMiniatureMapping(caseId, miniatureId) values(22, 11);
insert into armyMiniatureMapping(caseId, miniatureId) values(22, 60);
insert into armyMiniatureMapping(caseId, miniatureId) values(22, 221);
insert into armyMiniatureMapping(caseId, miniatureId) values(22, 21);
insert into armyMiniatureMapping(caseId, miniatureId) values(22, 71);
insert into armyMiniatureMapping(caseId, miniatureId) values(22, 29);
insert into armyMiniatureMapping(caseId, miniatureId) values(22, 37);
insert into armyMiniatureMapping(caseId, miniatureId) values(22, 412);
insert into armyMiniatureMapping(caseId, miniatureId) values(22, 412);
insert into armyMiniatureMapping(caseId, miniatureId) values(22, 317);
-- Andrei Isaev UP NEXT
